Time,5 ZONE PVAV:DesPer 1:Des Heat Mass Flow [kg/s],5 ZONE PVAV:DesPer 1:Des Heat Cap [W],5 ZONE PVAV:DesPer 1:Des Cool Mass Flow [kg/s],5 ZONE PVAV:DesPer 1:Des Sens Cool Cap [W],5 ZONE PVAV:DesPer 1:Des Tot Cool Cap [W],5 ZONE PVAV:DesPer 2:Des Heat Mass Flow [kg/s],5 ZONE PVAV:DesPer 2:Des Heat Cap [W],5 ZONE PVAV:DesPer 2:Des Cool Mass Flow [kg/s],5 ZONE PVAV:DesPer 2:Des Sens Cool Cap [W],5 ZONE PVAV:DesPer 2:Des Tot Cool Cap [W],5 ZONE PVAV 1:DesPer 1:Des Heat Mass Flow [kg/s],5 ZONE PVAV 1:DesPer 1:Des Heat Cap [W],5 ZONE PVAV 1:DesPer 1:Des Cool Mass Flow [kg/s],5 ZONE PVAV 1:DesPer 1:Des Sens Cool Cap [W],5 ZONE PVAV 1:DesPer 1:Des Tot Cool Cap [W],5 ZONE PVAV 1:DesPer 2:Des Heat Mass Flow [kg/s],5 ZONE PVAV 1:DesPer 2:Des Heat Cap [W],5 ZONE PVAV 1:DesPer 2:Des Cool Mass Flow [kg/s],5 ZONE PVAV 1:DesPer 2:Des Sens Cool Cap [W],5 ZONE PVAV 1:DesPer 2:Des Tot Cool Cap [W],5 ZONE PVAV 2:DesPer 1:Des Heat Mass Flow [kg/s],5 ZONE PVAV 2:DesPer 1:Des Heat Cap [W],5 ZONE PVAV 2:DesPer 1:Des Cool Mass Flow [kg/s],5 ZONE PVAV 2:DesPer 1:Des Sens Cool Cap [W],5 ZONE PVAV 2:DesPer 1:Des Tot Cool Cap [W],5 ZONE PVAV 2:DesPer 2:Des Heat Mass Flow [kg/s],5 ZONE PVAV 2:DesPer 2:Des Heat Cap [W],5 ZONE PVAV 2:DesPer 2:Des Cool Mass Flow [kg/s],5 ZONE PVAV 2:DesPer 2:Des Sens Cool Cap [W],5 ZONE PVAV 2:DesPer 2:Des Tot Cool Cap [W]
00:10:00,7.839324E-01,0.000000E+00,2.155544E+00,3.417442E+04,2.509112E+04,7.839324E-01,9.671712E+03,7.839324E-01,0.000000E+00,0.000000E+00,7.839324E-01,0.000000E+00,1.094656E+00,1.868111E+04,1.089931E+04,7.839324E-01,9.671712E+03,7.839324E-01,0.000000E+00,0.000000E+00,7.839324E-01,0.000000E+00,1.247692E+00,2.129279E+04,1.242307E+04,7.839324E-01,9.671712E+03,7.839324E-01,0.000000E+00,0.000000E+00
00:20:00,7.839324E-01,0.000000E+00,2.168840E+00,3.418584E+04,2.507418E+04,7.839324E-01,9.671712E+03,7.839324E-01,0.000000E+00,0.000000E+00,7.839324E-01,0.000000E+00,1.108529E+00,1.876971E+04,1.088720E+04,7.839324E-01,9.671712E+03,7.839324E-01,0.000000E+00,0.000000E+00,7.839324E-01,0.000000E+00,1.260878E+00,2.134931E+04,1.238347E+04,7.839324E-01,9.671712E+03,7.839324E-01,0.000000E+00,0.000000E+00
00:30:00,7.839324E-01,0.000000E+00,2.180072E+00,3.416838E+04,2.502431E+04,7.839324E-01,9.671712E+03,7.839324E-01,0.000000E+00,0.000000E+00,7.839324E-01,0.000000E+00,1.120080E+00,1.881559E+04,1.084883E+04,7.839324E-01,9.671712E+03,7.839324E-01,0.000000E+00,0.000000E+00,7.839324E-01,0.000000E+00,1.271510E+00,2.135939E+04,1.231554E+04,7.839324E-01,9.671712E+03,7.839324E-01,0.000000E+00,0.000000E+00
00:40:00,7.839324E-01,0.000000E+00,2.189655E+00,3.412785E+04,2.495477E+04,7.839324E-01,9.671712E+03,7.839324E-01,0.000000E+00,0.000000E+00,7.839324E-01,0.000000E+00,1.129738E+00,1.882685E+04,1.078925E+04,7.839324E-01,9.671712E+03,7.839324E-01,0.000000E+00,0.000000E+00,7.839324E-01,0.000000E+00,1.280064E+00,2.133200E+04,1.222490E+04,7.839324E-01,9.671712E+03,7.839324E-01,0.000000E+00,0.000000E+00
00:50:00,7.839324E-01,0.000000E+00,2.197916E+00,3.406883E+04,2.487262E+04,7.839324E-01,9.671712E+03,7.839324E-01,0.000000E+00,0.000000E+00,7.839324E-01,0.000000E+00,1.137854E+00,1.881003E+04,1.071253E+04,7.839324E-01,9.671712E+03,7.839324E-01,0.000000E+00,0.000000E+00,7.839324E-01,0.000000E+00,1.286928E+00,2.127441E+04,1.211601E+04,7.839324E-01,9.671712E+03,7.839324E-01,0.000000E+00,0.000000E+00
01:00:00,7.839324E-01,0.000000E+00,2.205123E+00,3.399505E+04,2.478098E+04,7.839324E-01,9.671712E+03,7.839324E-01,0.000000E+00,0.000000E+00,7.839324E-01,0.000000E+00,1.144716E+00,1.877048E+04,1.062198E+04,7.839324E-01,9.671712E+03,7.839324E-01,0.000000E+00,0.000000E+00,7.839324E-01,0.000000E+00,1.292420E+00,2.119246E+04,1.199255E+04,7.839324E-01,9.671712E+03,7.839324E-01,0.000000E+00,0.000000E+00
01:10:00,7.839324E-01,0.000000E+00,2.214208E+00,3.400577E+04,2.477864E+04,7.839324E-01,9.671712E+03,7.839324E-01,0.000000E+00,0.000000E+00,7.839324E-01,0.000000E+00,1.153451E+00,1.881095E+04,1.059881E+04,7.839324E-01,9.671712E+03,7.839324E-01,0.000000E+00,0.000000E+00,7.839324E-01,0.000000E+00,1.299593E+00,2.119429E+04,1.194167E+04,7.839324E-01,9.671712E+03,7.839324E-01,0.000000E+00,0.000000E+00
01:20:00,7.839324E-01,0.000000E+00,2.222743E+00,3.400878E+04,2.477116E+04,7.839324E-01,9.671712E+03,7.839324E-01,0.000000E+00,0.000000E+00,7.839324E-01,0.000000E+00,1.161524E+00,1.883912E+04,1.056803E+04,7.839324E-01,9.671712E+03,7.839324E-01,0.000000E+00,0.000000E+00,7.839324E-01,0.000000E+00,1.306023E+00,2.118280E+04,1.188274E+04,7.839324E-01,9.671712E+03,7.839324E-01,0.000000E+00,0.000000E+00
01:30:00,7.839324E-01,0.000000E+00,2.230828E+00,3.400549E+04,2.475921E+04,7.839324E-01,9.671712E+03,7.839324E-01,0.000000E+00,0.000000E+00,7.839324E-01,0.000000E+00,1.169037E+00,1.885681E+04,1.053074E+04,7.839324E-01,9.671712E+03,7.839324E-01,0.000000E+00,0.000000E+00,7.839324E-01,0.000000E+00,1.311830E+00,2.114881E+04,1.184210E+04,7.839324E-01,9.671712E+03,7.839324E-01,0.000000E+00,0.000000E+00
01:40:00,7.839324E-01,0.000000E+00,2.238566E+00,3.399735E+04,2.474381E+04,7.839324E-01,9.671712E+03,7.839324E-01,0.000000E+00,0.000000E+00,7.839324E-01,0.000000E+00,1.176108E+00,1.886609E+04,1.048819E+04,7.839324E-01,9.671712E+03,7.839324E-01,0.000000E+00,0.000000E+00,7.839324E-01,0.000000E+00,1.317146E+00,2.110677E+04,1.179699E+04,7.839324E-01,9.671712E+03,7.839324E-01,0.000000E+00,0.000000E+00
01:50:00,7.839324E-01,0.000000E+00,2.246043E+00,3.398555E+04,2.472583E+04,7.839324E-01,9.671712E+03,7.839324E-01,0.000000E+00,0.000000E+00,7.839324E-01,0.000000E+00,1.182839E+00,1.886866E+04,1.044133E+04,7.839324E-01,9.671712E+03,7.839324E-01,0.000000E+00,0.000000E+00,7.839324E-01,0.000000E+00,1.322080E+00,2.105938E+04,1.174648E+04,7.839324E-01,9.671712E+03,7.839324E-01,0.000000E+00,0.000000E+00
02:00:00,7.839324E-01,0.000000E+00,2.253334E+00,3.397115E+04,2.470610E+04,7.839324E-01,9.671712E+03,7.839324E-01,0.000000E+00,0.000000E+00,7.839324E-01,0.000000E+00,1.189309E+00,1.886591E+04,1.039097E+04,7.839324E-01,9.671712E+03,7.839324E-01,0.000000E+00,0.000000E+00,7.839324E-01,0.000000E+00,1.326722E+00,2.100791E+04,1.169187E+04,7.839324E-01,9.671712E+03,7.839324E-01,0.000000E+00,0.000000E+00
02:10:00,7.839324E-01,0.000000E+00,2.260424E+00,3.398304E+04,2.471386E+04,7.839324E-01,9.671712E+03,7.839324E-01,0.000000E+00,0.000000E+00,7.839324E-01,0.000000E+00,1.195507E+00,1.888435E+04,1.036411E+04,7.839324E-01,9.671712E+03,7.839324E-01,0.000000E+00,0.000000E+00,7.839324E-01,0.000000E+00,1.331060E+00,2.098130E+04,1.166257E+04,7.839324E-01,9.671712E+03,7.839324E-01,0.000000E+00,0.000000E+00
02:20:00,7.839324E-01,0.000000E+00,2.267330E+00,3.399235E+04,2.471960E+04,7.839324E-01,9.671712E+03,7.839324E-01,0.000000E+00,0.000000E+00,7.839324E-01,0.000000E+00,1.201448E+00,1.889790E+04,1.033419E+04,7.839324E-01,9.671712E+03,7.839324E-01,0.000000E+00,0.000000E+00,7.839324E-01,0.000000E+00,1.335148E+00,2.095118E+04,1.162979E+04,7.839324E-01,9.671712E+03,7.839324E-01,0.000000E+00,0.000000E+00
02:30:00,7.839324E-01,0.000000E+00,2.274095E+00,3.399968E+04,2.472380E+04,7.839324E-01,9.671712E+03,7.839324E-01,0.000000E+00,0.000000E+00,7.839324E-01,0.000000E+00,1.207187E+00,1.890750E+04,1.030173E+04,7.839324E-01,9.671712E+03,7.839324E-01,0.000000E+00,0.000000E+00,7.839324E-01,0.000000E+00,1.339040E+00,2.091833E+04,1.159429E+04,7.839324E-01,9.671712E+03,7.839324E-01,0.000000E+00,0.000000E+00
02:40:00,7.839324E-01,0.000000E+00,2.280747E+00,3.400543E+04,2.472682E+04,7.839324E-01,9.671712E+03,7.839324E-01,0.000000E+00,0.000000E+00,7.839324E-01,0.000000E+00,1.212773E+00,1.891396E+04,1.026722E+04,7.839324E-01,9.671712E+03,7.839324E-01,0.000000E+00,0.000000E+00,7.839324E-01,0.000000E+00,1.342775E+00,2.088327E+04,1.155666E+04,7.839324E-01,9.671712E+03,7.839324E-01,0.000000E+00,0.000000E+00
02:50:00,7.839324E-01,0.000000E+00,2.287309E+00,3.400994E+04,2.472889E+04,7.839324E-01,9.671712E+03,7.839324E-01,0.000000E+00,0.000000E+00,7.839324E-01,0.000000E+00,1.218244E+00,1.891787E+04,1.023098E+04,7.839324E-01,9.671712E+03,7.839324E-01,0.000000E+00,0.000000E+00,7.839324E-01,0.000000E+00,1.346382E+00,2.084642E+04,1.151726E+04,7.839324E-01,9.671712E+03,7.839324E-01,0.000000E+00,0.000000E+00
03:00:00,7.839324E-01,0.000000E+00,2.293789E+00,3.401328E+04,2.473005E+04,7.839324E-01,9.671712E+03,7.839324E-01,0.000000E+00,0.000000E+00,7.839324E-01,0.000000E+00,1.223613E+00,1.891948E+04,1.019315E+04,7.839324E-01,9.671712E+03,7.839324E-01,0.000000E+00,0.000000E+00,7.839324E-01,0.000000E+00,1.349885E+00,2.080812E+04,1.147645E+04,7.839324E-01,9.671712E+03,7.839324E-01,0.000000E+00,0.000000E+00
03:10:00,7.839324E-01,0.000000E+00,2.300148E+00,3.401493E+04,2.472974E+04,7.839324E-01,9.671712E+03,7.839324E-01,0.000000E+00,0.000000E+00,7.839324E-01,0.000000E+00,1.228826E+00,1.891797E+04,1.015330E+04,7.839324E-01,9.671712E+03,7.839324E-01,0.000000E+00,0.000000E+00,7.839324E-01,0.000000E+00,1.353227E+00,2.076757E+04,1.143345E+04,7.839324E-01,9.671712E+03,7.839324E-01,0.000000E+00,0.000000E+00
03:20:00,7.839324E-01,0.000000E+00,2.306417E+00,3.401533E+04,2.472835E+04,7.839324E-01,9.671712E+03,7.839324E-01,0.000000E+00,0.000000E+00,7.839324E-01,0.000000E+00,1.233930E+00,1.891410E+04,1.011186E+04,7.839324E-01,9.671712E+03,7.839324E-01,0.000000E+00,0.000000E+00,7.839324E-01,0.000000E+00,1.356429E+00,2.072506E+04,1.138855E+04,7.839324E-01,9.671712E+03,7.839324E-01,0.000000E+00,0.000000E+00
03:30:00,7.839324E-01,0.000000E+00,2.312591E+00,3.401440E+04,2.472578E+04,7.839324E-01,9.671712E+03,7.839324E-01,0.000000E+00,0.000000E+00,7.839324E-01,0.000000E+00,1.238919E+00,1.890777E+04,1.006878E+04,7.839324E-01,9.671712E+03,7.839324E-01,0.000000E+00,0.000000E+00,7.839324E-01,0.000000E+00,1.359488E+00,2.068054E+04,1.134170E+04,7.839324E-01,9.671712E+03,7.839324E-01,0.000000E+00,0.000000E+00
03:40:00,7.839324E-01,0.000000E+00,2.318668E+00,3.401212E+04,2.472196E+04,7.839324E-01,9.671712E+03,7.839324E-01,0.000000E+00,0.000000E+00,7.839324E-01,0.000000E+00,1.243782E+00,1.889888E+04,1.002400E+04,7.839324E-01,9.671712E+03,7.839324E-01,0.000000E+00,0.000000E+00,7.839324E-01,0.000000E+00,1.362404E+00,2.063404E+04,1.129289E+04,7.839324E-01,9.671712E+03,7.839324E-01,0.000000E+00,0.000000E+00
03:50:00,7.839324E-01,0.000000E+00,2.324650E+00,3.400849E+04,2.471693E+04,7.839324E-01,9.671712E+03,7.839324E-01,0.000000E+00,0.000000E+00,7.839324E-01,0.000000E+00,1.248519E+00,1.888744E+04,9.977572E+03,7.839324E-01,9.671712E+03,7.839324E-01,0.000000E+00,0.000000E+00,7.839324E-01,0.000000E+00,1.365184E+00,2.058562E+04,1.124226E+04,7.839324E-01,9.671712E+03,7.839324E-01,0.000000E+00,0.000000E+00
04:00:00,7.839324E-01,0.000000E+00,2.330538E+00,3.400356E+04,2.471068E+04,7.839324E-01,9.671712E+03,7.839324E-01,0.000000E+00,0.000000E+00,7.839324E-01,0.000000E+00,1.253136E+00,1.887354E+04,9.929549E+03,7.839324E-01,9.671712E+03,7.839324E-01,0.000000E+00,0.000000E+00,7.839324E-01,0.000000E+00,1.367832E+00,2.053535E+04,1.118983E+04,7.839324E-01,9.671712E+03,7.839324E-01,0.000000E+00,0.000000E+00
04:10:00,7.839324E-01,0.000000E+00,2.336391E+00,3.402723E+04,2.473358E+04,7.839324E-01,9.671712E+03,7.839324E-01,0.000000E+00,0.000000E+00,7.839324E-01,0.000000E+00,1.257703E+00,1.888629E+04,9.908922E+03,7.839324E-01,9.671712E+03,7.839324E-01,0.000000E+00,0.000000E+00,7.839324E-01,0.000000E+00,1.370421E+00,2.051337E+04,1.116613E+04,7.839324E-01,9.671712E+03,7.839324E-01,0.000000E+00,0.000000E+00
04:20:00,7.839324E-01,0.000000E+00,2.342214E+00,3.405049E+04,2.475609E+04,7.839324E-01,9.671712E+03,7.839324E-01,0.000000E+00,0.000000E+00,7.839324E-01,0.000000E+00,1.262228E+00,1.889801E+04,9.887536E+03,7.839324E-01,9.671712E+03,7.839324E-01,0.000000E+00,0.000000E+00,7.839324E-01,0.000000E+00,1.372955E+00,2.049062E+04,1.114167E+04,7.839324E-01,9.671712E+03,7.839324E-01,0.000000E+00,0.000000E+00
04:30:00,7.839324E-01,0.000000E+00,2.348013E+00,3.407341E+04,2.477834E+04,7.839324E-01,9.671712E+03,7.839324E-01,0.000000E+00,0.000000E+00,7.839324E-01,0.000000E+00,1.266716E+00,1.890877E+04,9.865472E+03,7.839324E-01,9.671712E+03,7.839324E-01,0.000000E+00,0.000000E+00,7.839324E-01,0.000000E+00,1.375450E+00,2.046732E+04,1.111671E+04,7.839324E-01,9.671712E+03,7.839324E-01,0.000000E+00,0.000000E+00
04:40:00,7.839324E-01,0.000000E+00,2.353791E+00,3.409605E+04,2.480032E+04,7.839324E-01,9.671712E+03,7.839324E-01,0.000000E+00,0.000000E+00,7.839324E-01,0.000000E+00,1.271170E+00,1.891863E+04,9.842721E+03,7.839324E-01,9.671712E+03,7.839324E-01,0.000000E+00,0.000000E+00,7.839324E-01,0.000000E+00,1.377914E+00,2.044358E+04,1.109131E+04,7.839324E-01,9.671712E+03,7.839324E-01,0.000000E+00,0.000000E+00
04:50:00,7.839324E-01,0.000000E+00,2.359551E+00,3.411842E+04,2.482209E+04,7.839324E-01,9.671712E+03,7.839324E-01,0.000000E+00,0.000000E+00,7.839324E-01,0.000000E+00,1.275592E+00,1.892761E+04,9.819336E+03,7.839324E-01,9.671712E+03,7.839324E-01,0.000000E+00,0.000000E+00,7.839324E-01,0.000000E+00,1.380353E+00,2.041950E+04,1.106560E+04,7.839324E-01,9.671712E+03,7.839324E-01,0.000000E+00,0.000000E+00
05:00:00,7.839324E-01,0.000000E+00,2.365298E+00,3.414061E+04,2.484367E+04,7.839324E-01,9.671712E+03,7.839324E-01,0.000000E+00,0.000000E+00,7.839324E-01,0.000000E+00,1.279989E+00,1.893583E+04,9.795343E+03,7.839324E-01,9.671712E+03,7.839324E-01,0.000000E+00,0.000000E+00,7.839324E-01,0.000000E+00,1.382772E+00,2.039514E+04,1.103961E+04,7.839324E-01,9.671712E+03,7.839324E-01,0.000000E+00,0.000000E+00
05:10:00,7.839324E-01,0.000000E+00,2.627560E+00,3.772875E+04,2.843379E+04,7.839324E-01,9.671712E+03,7.839324E-01,0.000000E+00,0.000000E+00,7.839324E-01,0.000000E+00,1.522033E+00,2.237862E+04,1.299381E+04,7.839324E-01,9.671712E+03,7.839324E-01,0.000000E+00,0.000000E+00,7.839324E-01,0.000000E+00,1.627511E+00,2.384306E+04,1.441660E+04,7.839324E-01,9.671712E+03,7.839324E-01,0.000000E+00,0.000000E+00
05:20:00,7.839324E-01,0.000000E+00,2.728742E+00,3.895371E+04,2.967506E+04,7.839324E-01,9.671712E+03,7.839324E-01,0.000000E+00,0.000000E+00,7.839324E-01,0.000000E+00,1.586317E+00,2.328245E+04,1.389061E+04,7.839324E-01,9.671712E+03,7.839324E-01,0.000000E+00,0.000000E+00,7.839324E-01,0.000000E+00,1.694204E+00,2.476227E+04,1.532979E+04,7.839324E-01,9.671712E+03,7.839324E-01,0.000000E+00,0.000000E+00
05:30:00,7.839324E-01,0.000000E+00,2.955409E+00,4.184499E+04,3.257360E+04,7.839324E-01,9.671712E+03,7.839324E-01,0.000000E+00,0.000000E+00,7.839324E-01,0.000000E+00,1.775573E+00,2.585793E+04,1.643351E+04,7.839324E-01,9.671712E+03,7.839324E-01,0.000000E+00,0.000000E+00,7.839324E-01,0.000000E+00,1.884887E+00,2.733904E+04,1.786891E+04,7.839324E-01,9.671712E+03,7.839324E-01,0.000000E+00,0.000000E+00
05:40:00,7.839324E-01,0.000000E+00,3.149245E+00,4.422100E+04,3.497077E+04,7.839324E-01,9.671712E+03,7.839324E-01,0.000000E+00,0.000000E+00,7.839324E-01,0.000000E+00,1.930497E+00,2.791063E+04,1.847317E+04,7.839324E-01,9.671712E+03,7.839324E-01,0.000000E+00,0.000000E+00,7.839324E-01,0.000000E+00,2.041015E+00,2.938957E+04,1.990449E+04,7.839324E-01,9.671712E+03,7.839324E-01,0.000000E+00,0.000000E+00
05:50:00,7.839324E-01,0.000000E+00,3.339694E+00,4.648733E+04,3.725539E+04,7.839324E-01,9.671712E+03,7.839324E-01,0.000000E+00,0.000000E+00,7.839324E-01,0.000000E+00,2.082174E+00,2.986853E+04,2.041943E+04,7.839324E-01,9.671712E+03,7.839324E-01,0.000000E+00,0.000000E+00,7.839324E-01,0.000000E+00,2.193636E+00,3.134145E+04,2.184119E+04,7.839324E-01,9.671712E+03,7.839324E-01,0.000000E+00,0.000000E+00
06:00:00,7.839324E-01,0.000000E+00,3.530490E+00,4.869439E+04,3.947560E+04,7.839324E-01,9.671712E+03,7.839324E-01,0.000000E+00,0.000000E+00,7.839324E-01,0.000000E+00,2.234393E+00,3.178270E+04,2.231954E+04,7.839324E-01,9.671712E+03,7.839324E-01,0.000000E+00,0.000000E+00,7.839324E-01,0.000000E+00,2.346610E+00,3.324682E+04,2.372715E+04,8.025158E-01,9.900983E+03,7.839324E-01,0.000000E+00,0.000000E+00
06:10:00,7.839324E-01,0.000000E+00,3.736853E+00,5.126118E+04,4.238739E+04,7.839324E-01,9.671712E+03,7.839324E-01,0.000000E+00,0.000000E+00,7.839324E-01,0.000000E+00,2.405044E+00,3.406416E+04,2.476449E+04,7.839324E-01,9.671712E+03,7.839324E-01,0.000000E+00,0.000000E+00,7.839324E-01,0.000000E+00,2.515318E+00,3.548800E+04,2.614833E+04,8.558413E-01,1.055888E+04,7.839324E-01,0.000000E+00,0.000000E+00
06:20:00,7.839324E-01,0.000000E+00,3.988721E+00,5.440245E+04,4.643336E+04,7.839324E-01,9.671712E+03,7.839324E-01,0.000000E+00,0.000000E+00,7.839324E-01,0.000000E+00,2.623438E+00,3.693313E+04,2.814955E+04,7.918157E-01,9.768971E+03,7.839324E-01,0.000000E+00,0.000000E+00,7.839324E-01,0.000000E+00,2.731883E+00,3.832065E+04,2.954051E+04,9.620068E-01,1.186869E+04,7.839324E-01,0.000000E+00,0.000000E+00
06:30:00,7.839324E-01,0.000000E+00,4.209093E+00,5.708516E+04,4.974418E+04,7.839324E-01,9.671712E+03,7.839324E-01,0.000000E+00,0.000000E+00,7.839324E-01,0.000000E+00,2.811120E+00,3.936148E+04,3.102468E+04,8.450480E-01,1.042572E+04,7.839324E-01,0.000000E+00,0.000000E+00,7.839324E-01,0.000000E+00,2.918190E+00,4.071888E+04,3.240872E+04,1.012414E+00,1.249058E+04,7.839324E-01,0.000000E+00,0.000000E+00
06:40:00,7.839324E-01,0.000000E+00,4.440728E+00,5.985741E+04,5.342479E+04,7.877947E-01,9.719362E+03,7.839324E-01,0.000000E+00,0.000000E+00,7.839324E-01,0.000000E+00,3.010576E+00,4.189356E+04,3.429034E+04,8.883885E-01,1.096043E+04,7.839324E-01,0.000000E+00,0.000000E+00,7.839324E-01,0.000000E+00,3.116487E+00,4.322384E+04,3.567849E+04,1.063985E+00,1.312685E+04,7.839324E-01,0.000000E+00,0.000000E+00
06:50:00,7.839324E-01,0.000000E+00,4.676563E+00,6.262734E+04,5.683435E+04,8.270808E-01,1.020405E+04,7.839324E-01,0.000000E+00,0.000000E+00,7.839324E-01,0.000000E+00,3.215063E+00,4.444130E+04,3.747394E+04,9.339908E-01,1.152305E+04,7.839324E-01,0.000000E+00,0.000000E+00,7.839324E-01,0.000000E+00,3.320097E+00,4.574826E+04,3.884877E+04,1.112783E+00,1.372888E+04,7.839324E-01,0.000000E+00,0.000000E+00
07:00:00,7.839324E-01,0.000000E+00,4.913875E+00,6.535996E+04,6.001694E+04,8.713195E-01,1.074984E+04,7.839324E-01,0.000000E+00,0.000000E+00,7.839324E-01,0.000000E+00,3.421973E+00,4.697081E+04,4.053128E+04,9.774824E-01,1.205962E+04,7.839324E-01,0.000000E+00,0.000000E+00,7.839324E-01,0.000000E+00,3.526488E+00,4.825903E+04,4.188365E+04,1.159956E+00,1.431087E+04,7.839324E-01,0.000000E+00,0.000000E+00
07:10:00,7.839324E-01,0.000000E+00,5.251101E+00,6.943211E+04,6.430822E+04,9.110505E-01,1.124002E+04,7.839324E-01,0.000000E+00,0.000000E+00,7.839324E-01,0.000000E+00,3.718599E+00,5.076609E+04,4.470230E+04,1.017897E+00,1.255823E+04,7.839324E-01,0.000000E+00,0.000000E+00,7.839324E-01,0.000000E+00,3.823976E+00,5.204950E+04,4.603537E+04,1.193247E+00,1.472160E+04,7.839324E-01,0.000000E+00,0.000000E+00
07:20:00,7.839324E-01,0.000000E+00,5.534148E+00,7.266594E+04,6.754631E+04,9.291921E-01,1.146384E+04,7.839324E-01,0.000000E+00,0.000000E+00,7.839324E-01,0.000000E+00,3.948628E+00,5.361926E+04,4.764517E+04,1.030704E+00,1.271624E+04,7.839324E-01,0.000000E+00,0.000000E+00,7.839324E-01,0.000000E+00,4.055565E+00,5.490379E+04,4.896868E+04,1.204221E+00,1.485699E+04,7.839324E-01,0.000000E+00,0.000000E+00
07:30:00,7.839324E-01,0.000000E+00,5.856403E+00,7.626866E+04,7.119378E+04,9.563029E-01,1.179832E+04,7.839324E-01,0.000000E+00,0.000000E+00,7.839324E-01,0.000000E+00,4.217912E+00,5.685990E+04,5.100027E+04,1.055885E+00,1.302691E+04,7.839324E-01,0.000000E+00,0.000000E+00,7.839324E-01,0.000000E+00,4.326780E+00,5.814938E+04,5.231962E+04,1.231625E+00,1.519509E+04,7.839324E-01,0.000000E+00,0.000000E+00
07:40:00,7.839324E-01,0.000000E+00,6.164475E+00,7.959780E+04,7.452545E+04,9.987620E-01,1.232216E+04,7.839324E-01,0.000000E+00,0.000000E+00,7.839324E-01,0.000000E+00,4.473365E+00,5.984881E+04,5.407488E+04,1.093881E+00,1.349568E+04,7.839324E-01,0.000000E+00,0.000000E+00,7.839324E-01,0.000000E+00,4.584757E+00,6.114954E+04,5.539821E+04,1.299337E+00,1.603049E+04,7.839324E-01,0.000000E+00,0.000000E+00
07:50:00,7.839324E-01,0.000000E+00,6.464260E+00,8.272867E+04,7.778874E+04,1.039023E+00,1.281888E+04,7.839324E-01,0.000000E+00,0.000000E+00,7.839324E-01,0.000000E+00,4.720791E+00,6.265999E+04,5.705832E+04,1.130223E+00,1.394405E+04,7.839324E-01,0.000000E+00,0.000000E+00,7.839324E-01,0.000000E+00,4.835267E+00,6.397757E+04,5.839405E+04,1.377064E+00,1.555793E+04,7.839324E-01,0.000000E+00,0.000000E+00
08:00:00,7.839324E-01,0.000000E+00,6.758658E+00,8.569825E+04,8.097934E+04,1.078542E+00,1.330644E+04,7.839324E-01,0.000000E+00,0.000000E+00,7.839324E-01,0.000000E+00,4.962267E+00,6.532097E+04,5.995166E+04,1.165923E+00,1.438449E+04,7.839324E-01,0.000000E+00,0.000000E+00,7.839324E-01,0.000000E+00,5.080387E+00,6.666073E+04,6.130637E+04,1.453663E+00,1.491336E+04,7.839324E-01,0.000000E+00,0.000000E+00
08:10:00,7.839324E-01,0.000000E+00,6.678547E+00,8.499552E+04,8.022598E+04,1.045984E+00,1.290476E+04,7.839324E-01,0.000000E+00,0.000000E+00,7.839324E-01,0.000000E+00,4.856205E+00,6.444664E+04,5.896982E+04,1.125891E+00,1.389060E+04,7.839324E-01,0.000000E+00,0.000000E+00,7.839324E-01,0.000000E+00,4.975463E+00,6.579144E+04,6.033375E+04,1.357880E+00,1.569549E+04,7.839324E-01,0.000000E+00,0.000000E+00
08:20:00,7.839324E-01,0.000000E+00,6.766686E+00,8.654069E+04,8.186645E+04,1.062993E+00,1.311461E+04,7.839324E-01,0.000000E+00,0.000000E+00,7.839324E-01,0.000000E+00,4.945550E+00,6.600638E+04,6.064229E+04,1.136565E+00,1.402229E+04,7.839324E-01,0.000000E+00,0.000000E+00,7.839324E-01,0.000000E+00,5.066374E+00,6.736881E+04,6.202194E+04,1.395249E+00,1.538676E+04,7.839324E-01,0.000000E+00,0.000000E+00
08:30:00,7.839324E-01,0.000000E+00,6.721996E+00,8.658955E+04,8.189146E+04,1.048228E+00,1.293244E+04,7.839324E-01,0.000000E+00,0.000000E+00,7.839324E-01,0.000000E+00,4.902435E+00,6.607313E+04,6.067359E+04,1.118238E+00,1.379618E+04,7.839324E-01,0.000000E+00,0.000000E+00,7.839324E-01,0.000000E+00,5.026026E+00,6.746675E+04,6.208713E+04,1.355525E+00,1.571494E+04,7.839324E-01,0.000000E+00,0.000000E+00
08:40:00,7.839324E-01,0.000000E+00,6.712885E+00,8.703987E+04,8.234265E+04,1.040229E+00,1.283376E+04,7.839324E-01,0.000000E+00,0.000000E+00,7.839324E-01,0.000000E+00,4.896137E+00,6.655517E+04,6.115672E+04,1.107001E+00,1.365755E+04,7.839324E-01,0.000000E+00,0.000000E+00,7.839324E-01,0.000000E+00,5.023045E+00,6.798619E+04,6.260935E+04,1.332755E+00,1.590306E+04,7.839324E-01,0.000000E+00,0.000000E+00
08:50:00,7.839324E-01,0.000000E+00,6.711192E+00,8.757379E+04,8.288228E+04,1.033506E+00,1.275081E+04,7.839324E-01,0.000000E+00,0.000000E+00,7.839324E-01,0.000000E+00,4.896547E+00,6.711278E+04,6.172119E+04,1.097628E+00,1.354191E+04,7.839324E-01,0.000000E+00,0.000000E+00,7.839324E-01,0.000000E+00,5.027397E+00,6.858825E+04,6.322004E+04,1.313324E+00,1.606359E+04,7.839324E-01,0.000000E+00,0.000000E+00
09:00:00,7.839324E-01,0.000000E+00,6.713148E+00,8.814881E+04,8.346634E+04,1.027831E+00,1.268079E+04,7.839324E-01,0.000000E+00,0.000000E+00,7.839324E-01,0.000000E+00,4.900482E+00,6.771012E+04,6.232892E+04,1.089655E+00,1.344355E+04,7.839324E-01,0.000000E+00,0.000000E+00,7.839324E-01,0.000000E+00,5.035823E+00,6.923622E+04,6.388030E+04,1.296681E+00,1.599771E+04,7.839324E-01,0.000000E+00,0.000000E+00
09:10:00,7.839324E-01,0.000000E+00,6.718006E+00,8.869832E+04,8.402663E+04,1.022956E+00,1.262065E+04,7.839324E-01,0.000000E+00,0.000000E+00,7.839324E-01,0.000000E+00,4.906929E+00,6.827756E+04,6.290840E+04,1.082787E+00,1.335881E+04,7.839324E-01,0.000000E+00,0.000000E+00,7.839324E-01,0.000000E+00,5.047244E+00,6.985974E+04,6.451788E+04,1.282232E+00,1.581945E+04,7.839324E-01,0.000000E+00,0.000000E+00
09:20:00,7.839324E-01,0.000000E+00,6.724897E+00,8.927077E+04,8.461126E+04,1.018711E+00,1.256827E+04,7.839324E-01,0.000000E+00,0.000000E+00,7.839324E-01,0.000000E+00,4.915502E+00,6.886896E+04,6.351375E+04,1.076795E+00,1.328488E+04,7.839324E-01,0.000000E+00,0.000000E+00,7.839324E-01,0.000000E+00,5.061198E+00,7.051183E+04,6.518601E+04,1.269518E+00,1.566259E+04,7.839324E-01,0.000000E+00,0.000000E+00
09:30:00,7.839324E-01,0.000000E+00,6.732034E+00,8.984598E+04,8.519825E+04,1.014964E+00,1.252204E+04,7.839324E-01,0.000000E+00,0.000000E+00,7.839324E-01,0.000000E+00,4.923901E+00,6.945842E+04,6.411668E+04,1.071502E+00,1.321958E+04,7.839324E-01,0.000000E+00,0.000000E+00,7.839324E-01,0.000000E+00,5.075396E+00,7.116666E+04,6.585660E+04,1.258183E+00,1.552275E+04,7.839324E-01,0.000000E+00,0.000000E+00
09:40:00,7.839324E-01,0.000000E+00,6.739925E+00,9.042971E+04,8.579382E+04,1.011616E+00,1.248074E+04,7.839324E-01,0.000000E+00,0.000000E+00,7.839324E-01,0.000000E+00,4.932733E+00,7.005275E+04,6.472453E+04,1.066771E+00,1.316121E+04,7.839324E-01,0.000000E+00,0.000000E+00,7.839324E-01,0.000000E+00,5.090313E+00,7.182960E+04,6.653540E+04,1.247959E+00,1.539661E+04,7.839324E-01,0.000000E+00,0.000000E+00
09:50:00,7.839324E-01,0.000000E+00,6.748439E+00,9.102045E+04,8.639661E+04,1.008586E+00,1.244335E+04,7.839324E-01,0.000000E+00,0.000000E+00,7.839324E-01,0.000000E+00,4.941821E+00,7.064996E+04,6.533532E+04,1.062486E+00,1.310834E+04,7.839324E-01,0.000000E+00,0.000000E+00,7.839324E-01,0.000000E+00,5.105802E+00,7.249900E+04,6.722084E+04,1.238607E+00,1.528123E+04,7.839324E-01,0.000000E+00,0.000000E+00
10:00:00,7.839324E-01,0.000000E+00,6.757322E+00,9.161536E+04,8.700378E+04,1.005813E+00,1.240915E+04,7.839324E-01,0.000000E+00,0.000000E+00,7.839324E-01,0.000000E+00,4.950981E+00,7.124800E+04,6.594705E+04,1.058567E+00,1.305999E+04,7.839324E-01,0.000000E+00,0.000000E+00,7.839324E-01,0.000000E+00,5.121571E+00,7.317155E+04,6.790958E+04,1.229977E+00,1.517476E+04,7.839324E-01,0.000000E+00,0.000000E+00
10:10:00,7.839324E-01,0.000000E+00,6.765966E+00,9.214936E+04,8.754889E+04,1.003253E+00,1.237756E+04,7.839324E-01,0.000000E+00,0.000000E+00,7.839324E-01,0.000000E+00,4.959510E+00,7.178069E+04,6.649202E+04,1.054952E+00,1.301539E+04,7.839324E-01,0.000000E+00,0.000000E+00,7.839324E-01,0.000000E+00,5.136925E+00,7.378120E+04,6.853413E+04,1.221951E+00,1.507573E+04,7.839324E-01,0.000000E+00,0.000000E+00
10:20:00,7.839324E-01,0.000000E+00,6.774000E+00,9.267649E+04,8.808693E+04,1.000866E+00,1.234811E+04,7.839324E-01,0.000000E+00,0.000000E+00,7.839324E-01,0.000000E+00,4.967064E+00,7.230241E+04,6.702560E+04,1.051589E+00,1.297390E+04,7.839324E-01,0.000000E+00,0.000000E+00,7.839324E-01,0.000000E+00,5.151467E+00,7.438172E+04,6.914917E+04,1.214428E+00,1.498292E+04,7.839324E-01,0.000000E+00,0.000000E+00
10:30:00,7.839324E-01,0.000000E+00,6.781202E+00,9.319424E+04,8.861553E+04,9.986234E-01,1.232045E+04,7.839324E-01,0.000000E+00,0.000000E+00,7.839324E-01,0.000000E+00,4.973386E+00,7.281024E+04,6.754484E+04,1.048437E+00,1.293502E+04,7.839324E-01,0.000000E+00,0.000000E+00,7.839324E-01,0.000000E+00,5.164946E+00,7.497025E+04,6.975190E+04,1.207329E+00,1.489534E+04,7.839324E-01,0.000000E+00,0.000000E+00
10:40:00,7.839324E-01,0.000000E+00,6.787336E+00,9.369994E+04,8.913173E+04,9.965077E-01,1.229434E+04,7.839324E-01,0.000000E+00,0.000000E+00,7.839324E-01,0.000000E+00,4.978307E+00,7.330227E+04,6.804769E+04,1.045475E+00,1.289848E+04,7.839324E-01,0.000000E+00,0.000000E+00,7.839324E-01,0.000000E+00,5.177123E+00,7.554408E+04,7.033935E+04,1.200626E+00,1.481264E+04,7.839324E-01,0.000000E+00,0.000000E+00
10:50:00,7.839324E-01,0.000000E+00,6.792228E+00,9.419164E+04,8.963359E+04,9.944975E-01,1.226954E+04,7.839324E-01,0.000000E+00,0.000000E+00,7.839324E-01,0.000000E+00,4.981649E+00,7.377649E+04,6.853202E+04,1.042673E+00,1.286391E+04,7.839324E-01,0.000000E+00,0.000000E+00,7.839324E-01,0.000000E+00,5.187844E+00,7.610151E+04,7.090979E+04,1.194255E+00,1.473403E+04,7.839324E-01,0.000000E+00,0.000000E+00
11:00:00,7.839324E-01,0.000000E+00,6.795703E+00,9.466736E+04,9.011899E+04,9.925753E-01,1.224583E+04,7.839324E-01,0.000000E+00,0.000000E+00,7.839324E-01,0.000000E+00,4.983311E+00,7.423177E+04,6.899670E+04,1.040005E+00,1.283099E+04,7.839324E-01,0.000000E+00,0.000000E+00,7.839324E-01,0.000000E+00,5.196952E+00,7.664076E+04,7.146135E+04,1.188160E+00,1.465884E+04,7.839324E-01,0.000000E+00,0.000000E+00
11:10:00,7.839324E-01,0.000000E+00,6.797374E+00,9.497724E+04,9.043499E+04,9.907285E-01,1.222304E+04,7.839324E-01,0.000000E+00,0.000000E+00,7.839324E-01,0.000000E+00,4.982949E+00,7.451872E+04,6.928919E+04,1.037452E+00,1.279950E+04,7.839324E-01,0.000000E+00,0.000000E+00,7.839324E-01,0.000000E+00,5.204085E+00,7.701221E+04,7.184135E+04,1.183372E+00,1.459977E+04,7.839324E-01,0.000000E+00,0.000000E+00
11:20:00,7.839324E-01,0.000000E+00,6.797153E+00,9.526577E+04,9.072927E+04,9.889470E-01,1.220107E+04,7.839324E-01,0.000000E+00,0.000000E+00,7.839324E-01,0.000000E+00,4.980468E+00,7.478177E+04,6.955704E+04,1.035001E+00,1.276925E+04,7.839324E-01,0.000000E+00,0.000000E+00,7.839324E-01,0.000000E+00,5.209161E+00,7.736047E+04,7.219751E+04,1.180261E+00,1.456139E+04,7.839324E-01,0.000000E+00,0.000000E+00
11:30:00,7.839324E-01,0.000000E+00,6.794936E+00,9.553180E+04,9.100063E+04,9.872229E-01,1.217979E+04,7.839324E-01,0.000000E+00,0.000000E+00,7.839324E-01,0.000000E+00,4.975978E+00,7.502217E+04,6.980160E+04,1.032638E+00,1.274010E+04,7.839324E-01,0.000000E+00,0.000000E+00,7.839324E-01,0.000000E+00,5.212123E+00,7.768490E+04,7.252912E+04,1.177262E+00,1.452439E+04,7.839324E-01,0.000000E+00,0.000000E+00
11:40:00,7.839324E-01,0.000000E+00,6.790869E+00,9.577698E+04,9.125076E+04,9.855434E-01,1.215907E+04,7.839324E-01,0.000000E+00,0.000000E+00,7.839324E-01,0.000000E+00,4.969606E+00,7.524136E+04,7.002428E+04,1.030344E+00,1.271180E+04,7.839324E-01,0.000000E+00,0.000000E+00,7.839324E-01,0.000000E+00,5.213214E+00,7.798824E+04,7.283907E+04,1.174348E+00,1.448844E+04,7.839324E-01,0.000000E+00,0.000000E+00
11:50:00,7.839324E-01,0.000000E+00,6.785054E+00,9.600243E+04,9.148048E+04,9.839055E-01,1.213887E+04,7.839324E-01,0.000000E+00,0.000000E+00,7.839324E-01,0.000000E+00,4.961662E+00,7.544281E+04,7.022841E+04,1.028114E+00,1.268429E+04,7.839324E-01,0.000000E+00,0.000000E+00,7.839324E-01,0.000000E+00,5.212622E+00,7.827258E+04,7.312922E+04,1.171516E+00,1.445349E+04,7.839324E-01,0.000000E+00,0.000000E+00
12:00:00,7.839324E-01,0.000000E+00,6.777787E+00,9.621153E+04,9.169323E+04,9.823075E-01,1.211915E+04,7.839324E-01,0.000000E+00,0.000000E+00,7.839324E-01,0.000000E+00,4.952454E+00,7.563001E+04,7.041752E+04,1.025948E+00,1.265756E+04,7.839324E-01,0.000000E+00,0.000000E+00,7.839324E-01,0.000000E+00,5.210746E+00,7.854246E+04,7.340419E+04,1.168763E+00,1.441953E+04,7.839324E-01,0.000000E+00,0.000000E+00
12:10:00,7.839324E-01,0.000000E+00,6.769615E+00,9.635220E+04,9.183596E+04,9.807466E-01,1.209989E+04,7.839324E-01,0.000000E+00,0.000000E+00,7.839324E-01,0.000000E+00,4.942728E+00,7.575317E+04,7.054109E+04,1.023841E+00,1.263157E+04,7.839324E-01,0.000000E+00,0.000000E+00,7.839324E-01,0.000000E+00,5.208262E+00,7.874727E+04,7.361253E+04,1.166085E+00,1.438649E+04,7.839324E-01,0.000000E+00,0.000000E+00
12:20:00,7.839324E-01,0.000000E+00,6.761108E+00,9.648911E+04,9.197484E+04,9.792203E-01,1.208106E+04,7.839324E-01,0.000000E+00,0.000000E+00,7.839324E-01,0.000000E+00,4.933123E+00,7.587769E+04,7.066604E+04,1.021791E+00,1.260627E+04,7.839324E-01,0.000000E+00,0.000000E+00,7.839324E-01,0.000000E+00,5.205798E+00,7.895231E+04,7.382107E+04,1.163478E+00,1.435432E+04,7.839324E-01,0.000000E+00,0.000000E+00
12:30:00,7.839324E-01,0.000000E+00,6.752914E+00,9.662954E+04,9.211738E+04,9.777263E-01,1.206263E+04,7.839324E-01,0.000000E+00,0.000000E+00,7.839324E-01,0.000000E+00,4.924355E+00,7.601165E+04,7.080082E+04,1.019792E+00,1.258162E+04,7.839324E-01,0.000000E+00,0.000000E+00,7.839324E-01,0.000000E+00,5.204114E+00,7.916615E+04,7.403877E+04,1.160938E+00,1.432299E+04,7.839324E-01,0.000000E+00,0.000000E+00
12:40:00,7.839324E-01,0.000000E+00,6.746410E+00,9.678903E+04,9.227977E+04,9.762629E-01,1.204458E+04,7.839324E-01,0.000000E+00,0.000000E+00,7.839324E-01,0.000000E+00,4.917899E+00,7.617167E+04,7.096290E+04,1.017844E+00,1.255758E+04,7.839324E-01,0.000000E+00,0.000000E+00,7.839324E-01,0.000000E+00,5.204656E+00,7.940509E+04,7.428267E+04,1.158461E+00,1.429243E+04,7.839324E-01,0.000000E+00,0.000000E+00
12:50:00,7.839324E-01,0.000000E+00,6.742325E+00,9.697578E+04,9.246975E+04,9.748285E-01,1.202688E+04,7.839324E-01,0.000000E+00,0.000000E+00,7.839324E-01,0.000000E+00,4.914535E+00,7.636655E+04,7.116079E+04,1.015943E+00,1.253413E+04,7.839324E-01,0.000000E+00,0.000000E+00,7.839324E-01,0.000000E+00,5.208173E+00,7.967755E+04,7.456090E+04,1.156045E+00,1.426262E+04,7.839324E-01,0.000000E+00,0.000000E+00
13:00:00,7.839324E-01,0.000000E+00,6.741092E+00,9.719470E+04,9.269202E+04,9.734216E-01,1.200952E+04,7.839324E-01,0.000000E+00,0.000000E+00,7.839324E-01,0.000000E+00,4.914715E+00,7.660140E+04,7.139948E+04,1.014087E+00,1.251123E+04,7.839324E-01,0.000000E+00,0.000000E+00,7.839324E-01,0.000000E+00,5.215144E+00,7.998898E+04,7.487881E+04,1.153687E+00,1.423353E+04,7.839324E-01,0.000000E+00,0.000000E+00
13:10:00,7.839324E-01,0.000000E+00,6.742839E+00,9.735990E+04,9.285935E+04,9.720410E-01,1.199249E+04,7.839324E-01,0.000000E+00,0.000000E+00,7.839324E-01,0.000000E+00,4.918585E+00,7.679055E+04,7.159195E+04,1.012275E+00,1.248887E+04,7.839324E-01,0.000000E+00,0.000000E+00,7.839324E-01,0.000000E+00,5.225687E+00,8.025337E+04,7.514896E+04,1.151384E+00,1.420512E+04,7.839324E-01,0.000000E+00,0.000000E+00
13:20:00,7.839324E-01,0.000000E+00,6.747495E+00,9.755791E+04,9.306055E+04,9.706858E-01,1.197577E+04,7.839324E-01,0.000000E+00,0.000000E+00,7.839324E-01,0.000000E+00,4.926073E+00,7.702050E+04,7.182688E+04,1.010505E+00,1.246703E+04,7.839324E-01,0.000000E+00,0.000000E+00,7.839324E-01,0.000000E+00,5.239705E+00,8.055695E+04,7.545978E+04,1.149135E+00,1.417738E+04,7.839324E-01,0.000000E+00,0.000000E+00
13:30:00,7.839324E-01,0.000000E+00,6.754794E+00,9.778572E+04,9.329291E+04,9.693549E-01,1.195935E+04,7.839324E-01,0.000000E+00,0.000000E+00,7.839324E-01,0.000000E+00,4.936890E+00,7.728797E+04,7.210122E+04,1.008774E+00,1.244568E+04,7.839324E-01,0.000000E+00,0.000000E+00,7.839324E-01,0.000000E+00,5.256899E+00,8.089632E+04,7.580810E+04,1.146938E+00,1.415027E+04,7.839324E-01,0.000000E+00,0.000000E+00
13:40:00,7.839324E-01,0.000000E+00,6.763549E+00,9.802995E+04,9.354232E+04,9.680476E-01,1.194322E+04,7.839324E-01,0.000000E+00,0.000000E+00,7.839324E-01,0.000000E+00,4.949775E+00,7.757877E+04,7.239984E+04,1.007083E+00,1.242481E+04,7.839324E-01,0.000000E+00,0.000000E+00,7.839324E-01,0.000000E+00,5.275992E+00,8.125712E+04,7.617871E+04,1.144790E+00,1.412377E+04,7.839324E-01,0.000000E+00,0.000000E+00
13:50:00,7.839324E-01,0.000000E+00,6.773123E+00,9.828341E+04,9.380128E+04,9.667630E-01,1.192737E+04,7.839324E-01,0.000000E+00,0.000000E+00,7.839324E-01,0.000000E+00,4.964027E+00,7.788498E+04,7.271448E+04,1.005429E+00,1.240441E+04,7.839324E-01,0.000000E+00,0.000000E+00,7.839324E-01,0.000000E+00,5.296276E+00,8.163135E+04,7.656326E+04,1.142691E+00,1.409787E+04,7.839324E-01,0.000000E+00,0.000000E+00
14:00:00,7.839324E-01,0.000000E+00,6.783044E+00,9.854079E+04,9.406422E+04,9.655005E-01,1.191180E+04,7.839324E-01,0.000000E+00,0.000000E+00,7.839324E-01,0.000000E+00,4.979108E+00,7.820053E+04,7.303873E+04,1.003811E+00,1.238445E+04,7.839324E-01,0.000000E+00,0.000000E+00,7.839324E-01,0.000000E+00,5.317149E+00,8.201222E+04,7.695459E+04,1.140638E+00,1.407254E+04,7.839324E-01,0.000000E+00,0.000000E+00
14:10:00,7.839324E-01,0.000000E+00,6.792717E+00,9.864985E+04,9.417580E+04,9.642594E-01,1.189648E+04,7.839324E-01,0.000000E+00,0.000000E+00,7.839324E-01,0.000000E+00,4.994303E+00,7.837187E+04,7.321587E+04,1.002228E+00,1.236492E+04,7.839324E-01,0.000000E+00,0.000000E+00,7.839324E-01,0.000000E+00,5.337917E+00,8.224639E+04,7.719624E+04,1.138630E+00,1.404777E+04,7.839324E-01,0.000000E+00,0.000000E+00
14:20:00,7.839324E-01,0.000000E+00,6.801832E+00,9.875264E+04,9.428118E+04,9.630391E-01,1.188143E+04,7.839324E-01,0.000000E+00,0.000000E+00,7.839324E-01,0.000000E+00,5.009158E+00,7.853937E+04,7.338922E+04,1.000680E+00,1.234582E+04,7.839324E-01,0.000000E+00,0.000000E+00,7.839324E-01,0.000000E+00,5.358090E+00,8.247385E+04,7.743113E+04,1.136666E+00,1.402354E+04,7.839324E-01,0.000000E+00,0.000000E+00
14:30:00,7.839324E-01,0.000000E+00,6.810088E+00,9.884573E+04,9.437691E+04,9.618391E-01,1.186662E+04,7.839324E-01,0.000000E+00,0.000000E+00,7.839324E-01,0.000000E+00,5.023267E+00,7.869845E+04,7.355416E+04,9.991650E-01,1.232713E+04,7.839324E-01,0.000000E+00,0.000000E+00,7.839324E-01,0.000000E+00,5.377267E+00,8.269009E+04,7.765472E+04,1.134745E+00,1.399984E+04,7.839324E-01,0.000000E+00,0.000000E+00
14:40:00,7.839324E-01,0.000000E+00,6.817262E+00,9.892662E+04,9.446025E+04,9.606587E-01,1.185206E+04,7.839324E-01,0.000000E+00,0.000000E+00,7.839324E-01,0.000000E+00,5.036284E+00,7.884523E+04,7.370649E+04,9.976822E-01,1.230883E+04,7.839324E-01,0.000000E+00,0.000000E+00,7.839324E-01,0.000000E+00,5.395089E+00,8.289105E+04,7.786267E+04,1.132865E+00,1.397665E+04,7.839324E-01,0.000000E+00,0.000000E+00
14:50:00,7.839324E-01,0.000000E+00,6.823181E+00,9.899336E+04,9.452902E+04,9.594975E-01,1.183773E+04,7.839324E-01,0.000000E+00,0.000000E+00,7.839324E-01,0.000000E+00,5.047918E+00,7.897643E+04,7.384265E+04,9.962307E-01,1.229093E+04,7.839324E-01,0.000000E+00,0.000000E+00,7.839324E-01,0.000000E+00,5.411257E+00,8.307336E+04,7.805128E+04,1.131026E+00,1.395395E+04,7.839324E-01,0.000000E+00,0.000000E+00
15:00:00,7.839324E-01,0.000000E+00,6.827704E+00,9.904437E+04,9.458147E+04,9.583550E-01,1.182364E+04,7.839324E-01,0.000000E+00,0.000000E+00,7.839324E-01,0.000000E+00,5.057918E+00,7.908918E+04,7.395954E+04,9.948097E-01,1.227340E+04,7.839324E-01,0.000000E+00,0.000000E+00,7.839324E-01,0.000000E+00,5.425505E+00,8.323403E+04,7.821738E+04,1.129225E+00,1.393174E+04,7.839324E-01,0.000000E+00,0.000000E+00
15:10:00,7.839324E-01,0.000000E+00,6.830600E+00,9.890241E+04,9.443686E+04,9.572308E-01,1.180977E+04,7.839324E-01,0.000000E+00,0.000000E+00,7.839324E-01,0.000000E+00,5.065925E+00,7.900486E+04,7.387502E+04,9.934185E-01,1.225623E+04,7.839324E-01,0.000000E+00,0.000000E+00,7.839324E-01,0.000000E+00,5.437441E+00,8.319400E+04,7.817835E+04,1.127463E+00,1.391000E+04,7.839324E-01,0.000000E+00,0.000000E+00
15:20:00,7.839324E-01,0.000000E+00,6.831836E+00,9.874174E+04,9.427330E+04,9.561243E-01,1.179612E+04,7.839324E-01,0.000000E+00,0.000000E+00,7.839324E-01,0.000000E+00,5.071863E+00,7.889720E+04,7.376659E+04,9.920561E-01,1.223942E+04,7.839324E-01,0.000000E+00,0.000000E+00,7.839324E-01,0.000000E+00,5.447007E+00,8.312725E+04,7.811200E+04,1.125738E+00,1.388871E+04,7.839324E-01,0.000000E+00,0.000000E+00
15:30:00,7.839324E-01,0.000000E+00,6.831380E+00,9.856198E+04,9.409042E+04,9.550352E-01,1.178268E+04,7.839324E-01,0.000000E+00,0.000000E+00,7.839324E-01,0.000000E+00,5.075619E+00,7.876494E+04,7.363296E+04,9.907219E-01,1.222296E+04,7.839324E-01,0.000000E+00,0.000000E+00,7.839324E-01,0.000000E+00,5.454064E+00,8.303222E+04,7.801668E+04,1.124049E+00,1.386788E+04,7.839324E-01,0.000000E+00,0.000000E+00
15:40:00,7.839324E-01,0.000000E+00,6.829194E+00,9.836273E+04,9.388765E+04,9.539631E-01,1.176945E+04,7.839324E-01,0.000000E+00,0.000000E+00,7.839324E-01,0.000000E+00,5.077111E+00,7.860715E+04,7.347300E+04,9.894150E-01,1.220684E+04,7.839324E-01,0.000000E+00,0.000000E+00,7.839324E-01,0.000000E+00,5.458516E+00,8.290781E+04,7.789115E+04,1.122395E+00,1.384747E+04,7.839324E-01,0.000000E+00,0.000000E+00
15:50:00,7.839324E-01,0.000000E+00,6.825254E+00,9.814369E+04,9.366444E+04,9.529075E-01,1.175643E+04,7.839324E-01,0.000000E+00,0.000000E+00,7.839324E-01,0.000000E+00,5.076277E+00,7.842314E+04,7.328576E+04,9.881348E-01,1.219104E+04,7.839324E-01,0.000000E+00,0.000000E+00,7.839324E-01,0.000000E+00,5.460292E+00,8.275322E+04,7.773430E+04,1.120775E+00,1.382749E+04,7.839324E-01,0.000000E+00,0.000000E+00
16:00:00,7.839324E-01,0.000000E+00,6.819547E+00,9.790473E+04,9.342052E+04,9.518680E-01,1.174361E+04,7.839324E-01,0.000000E+00,0.000000E+00,7.839324E-01,0.000000E+00,5.073084E+00,7.821253E+04,7.307073E+04,9.868807E-01,1.217557E+04,7.839324E-01,0.000000E+00,0.000000E+00,7.839324E-01,0.000000E+00,5.459346E+00,8.256795E+04,7.754551E+04,1.119189E+00,1.380792E+04,7.839324E-01,0.000000E+00,0.000000E+00
16:10:00,7.839324E-01,0.000000E+00,6.812913E+00,9.759711E+04,9.310671E+04,9.508444E-01,1.173098E+04,7.839324E-01,0.000000E+00,0.000000E+00,7.839324E-01,0.000000E+00,5.068440E+00,7.792735E+04,7.277961E+04,9.856518E-01,1.216041E+04,7.839324E-01,0.000000E+00,0.000000E+00,7.839324E-01,0.000000E+00,5.456600E+00,8.230416E+04,7.727658E+04,1.117635E+00,1.378875E+04,7.839324E-01,0.000000E+00,0.000000E+00
16:20:00,7.839324E-01,0.000000E+00,6.805380E+00,9.727935E+04,9.278243E+04,9.498361E-01,1.171854E+04,7.839324E-01,0.000000E+00,0.000000E+00,7.839324E-01,0.000000E+00,5.062350E+00,7.762586E+04,7.247152E+04,9.844476E-01,1.214555E+04,7.839324E-01,0.000000E+00,0.000000E+00,7.839324E-01,0.000000E+00,5.452045E+00,8.201999E+04,7.698650E+04,1.116113E+00,1.376997E+04,7.839324E-01,0.000000E+00,0.000000E+00
16:30:00,7.839324E-01,0.000000E+00,6.796937E+00,9.695133E+04,9.244746E+04,9.488430E-01,1.170628E+04,7.839324E-01,0.000000E+00,0.000000E+00,7.839324E-01,0.000000E+00,5.054782E+00,7.730771E+04,7.214602E+04,9.832675E-01,1.213099E+04,7.839324E-01,0.000000E+00,0.000000E+00,7.839324E-01,0.000000E+00,5.445643E+00,8.171498E+04,7.667475E+04,1.114622E+00,1.375157E+04,7.839324E-01,0.000000E+00,0.000000E+00
16:40:00,7.839324E-01,0.000000E+00,6.786226E+00,9.659774E+04,9.208557E+04,9.478645E-01,1.169421E+04,7.839324E-01,0.000000E+00,0.000000E+00,7.839324E-01,0.000000E+00,5.044172E+00,7.695526E+04,7.178434E+04,9.821108E-01,1.211672E+04,7.839324E-01,0.000000E+00,0.000000E+00,7.839324E-01,0.000000E+00,5.435817E+00,8.137137E+04,7.632252E+04,1.113160E+00,1.373354E+04,7.839324E-01,0.000000E+00,0.000000E+00
16:50:00,7.839324E-01,0.000000E+00,6.774104E+00,9.622823E+04,9.170835E+04,9.469005E-01,1.168232E+04,7.839324E-01,0.000000E+00,0.000000E+00,7.839324E-01,0.000000E+00,5.031822E+00,7.658318E+04,7.140351E+04,9.809769E-01,1.210273E+04,7.839324E-01,0.000000E+00,0.000000E+00,7.839324E-01,0.000000E+00,5.423868E+00,8.100382E+04,7.594671E+04,1.111728E+00,1.371587E+04,7.839324E-01,0.000000E+00,0.000000E+00
17:00:00,7.839324E-01,0.000000E+00,6.760893E+00,9.584645E+04,9.131915E+04,9.459506E-01,1.167060E+04,7.839324E-01,0.000000E+00,0.000000E+00,7.839324E-01,0.000000E+00,5.017635E+00,7.619040E+04,7.100148E+04,9.798652E-01,1.208902E+04,7.839324E-01,0.000000E+00,0.000000E+00,7.839324E-01,0.000000E+00,5.409700E+00,8.061126E+04,7.554528E+04,1.110325E+00,1.369856E+04,7.839324E-01,0.000000E+00,0.000000E+00
17:10:00,7.839324E-01,0.000000E+00,6.745854E+00,9.538585E+04,9.084879E+04,9.450144E-01,1.165905E+04,7.839324E-01,0.000000E+00,0.000000E+00,7.839324E-01,0.000000E+00,5.000933E+00,7.571105E+04,7.051013E+04,9.787753E-01,1.207557E+04,7.839324E-01,0.000000E+00,0.000000E+00,7.839324E-01,0.000000E+00,5.392627E+00,8.012771E+04,7.505007E+04,1.108949E+00,1.368159E+04,7.839324E-01,0.000000E+00,0.000000E+00
17:20:00,7.839324E-01,0.000000E+00,6.729366E+00,9.490891E+04,9.036146E+04,9.441005E-01,1.164777E+04,7.839324E-01,0.000000E+00,0.000000E+00,7.839324E-01,0.000000E+00,4.981683E+00,7.520296E+04,6.998882E+04,9.777199E-01,1.206255E+04,7.839324E-01,0.000000E+00,0.000000E+00,7.839324E-01,0.000000E+00,5.372596E+00,7.961083E+04,7.452023E+04,1.107618E+00,1.366516E+04,7.839324E-01,0.000000E+00,0.000000E+00
17:30:00,7.839324E-01,0.000000E+00,6.711307E+00,9.441427E+04,8.985544E+04,9.431976E-01,1.163664E+04,7.839324E-01,0.000000E+00,0.000000E+00,7.839324E-01,0.000000E+00,4.959520E+00,7.466204E+04,6.943318E+04,9.766816E-01,1.204974E+04,7.839324E-01,0.000000E+00,0.000000E+00,7.839324E-01,0.000000E+00,5.349264E+00,7.905672E+04,7.395165E+04,1.106308E+00,1.364900E+04,7.839324E-01,0.000000E+00,0.000000E+00
17:40:00,7.839324E-01,0.000000E+00,6.692706E+00,9.391350E+04,8.934331E+04,9.423132E-01,1.162572E+04,7.839324E-01,0.000000E+00,0.000000E+00,7.839324E-01,0.000000E+00,4.935736E+00,7.410283E+04,6.885908E+04,9.756718E-01,1.203728E+04,7.839324E-01,0.000000E+00,0.000000E+00,7.839324E-01,0.000000E+00,5.323921E+00,7.847994E+04,7.336013E+04,1.105035E+00,1.363330E+04,7.839324E-01,0.000000E+00,0.000000E+00
17:50:00,7.839324E-01,0.000000E+00,6.672356E+00,9.339301E+04,8.881087E+04,9.414381E-01,1.161493E+04,7.839324E-01,0.000000E+00,0.000000E+00,7.839324E-01,0.000000E+00,4.909484E+00,7.351580E+04,6.825637E+04,9.746766E-01,1.202500E+04,7.839324E-01,0.000000E+00,0.000000E+00,7.839324E-01,0.000000E+00,5.295727E+00,7.787100E+04,7.273560E+04,1.103781E+00,1.361782E+04,7.839324E-01,0.000000E+00,0.000000E+00
18:00:00,7.839324E-01,0.000000E+00,6.650750E+00,9.285836E+04,8.826463E+04,9.405802E-01,1.160434E+04,7.839324E-01,0.000000E+00,0.000000E+00,7.839324E-01,0.000000E+00,4.881021E+00,7.290383E+04,6.762770E+04,9.737078E-01,1.201305E+04,7.839324E-01,0.000000E+00,0.000000E+00,7.839324E-01,0.000000E+00,5.264942E+00,7.723285E+04,7.208074E+04,1.102561E+00,1.360277E+04,7.839324E-01,0.000000E+00,0.000000E+00
18:10:00,7.839324E-01,0.000000E+00,6.626314E+00,9.214630E+04,8.753631E+04,9.427109E-01,1.163063E+04,7.839324E-01,0.000000E+00,0.000000E+00,7.839324E-01,0.000000E+00,4.848890E+00,7.210500E+04,6.680663E+04,9.773070E-01,1.205746E+04,7.839324E-01,0.000000E+00,0.000000E+00,7.839324E-01,0.000000E+00,5.230075E+00,7.640317E+04,7.122880E+04,1.106836E+00,1.365552E+04,7.839324E-01,0.000000E+00,0.000000E+00
18:20:00,7.839324E-01,0.000000E+00,6.596250E+00,9.137076E+04,8.674192E+04,9.448537E-01,1.165707E+04,7.839324E-01,0.000000E+00,0.000000E+00,7.839324E-01,0.000000E+00,4.810696E+00,7.123779E+04,6.591377E+04,9.809254E-01,1.210210E+04,7.839324E-01,0.000000E+00,0.000000E+00,7.839324E-01,0.000000E+00,5.188742E+00,7.550057E+04,7.030069E+04,1.111137E+00,1.370857E+04,7.839324E-01,0.000000E+00,0.000000E+00
18:30:00,7.839324E-01,0.000000E+00,6.562178E+00,9.055005E+04,8.590354E+04,9.470284E-01,1.168390E+04,7.839324E-01,0.000000E+00,0.000000E+00,7.839324E-01,0.000000E+00,4.769101E+00,7.033224E+04,6.498354E+04,9.845933E-01,1.214735E+04,7.839324E-01,0.000000E+00,0.000000E+00,7.839324E-01,0.000000E+00,5.143618E+00,7.455523E+04,6.933082E+04,1.115499E+00,1.376239E+04,7.839324E-01,0.000000E+00,0.000000E+00
18:40:00,7.839324E-01,0.000000E+00,6.523416E+00,8.967644E+04,8.501113E+04,9.492271E-01,1.171102E+04,7.839324E-01,0.000000E+00,0.000000E+00,7.839324E-01,0.000000E+00,4.723466E+00,6.938114E+04,6.400596E+04,9.882987E-01,1.219307E+04,7.839324E-01,0.000000E+00,0.000000E+00,7.839324E-01,0.000000E+00,5.094038E+00,7.355964E+04,6.830885E+04,1.119905E+00,1.381675E+04,7.839324E-01,0.000000E+00,0.000000E+00
18:50:00,7.839324E-01,0.000000E+00,6.480866E+00,8.876013E+04,8.407486E+04,9.514544E-01,1.173850E+04,7.839324E-01,0.000000E+00,0.000000E+00,7.839324E-01,0.000000E+00,4.674238E+00,6.838953E+04,6.298551E+04,9.920481E-01,1.223932E+04,7.839324E-01,0.000000E+00,0.000000E+00,7.839324E-01,0.000000E+00,5.040470E+00,7.251908E+04,6.723958E+04,1.124366E+00,1.387179E+04,7.839324E-01,0.000000E+00,0.000000E+00
19:00:00,7.839324E-01,0.000000E+00,6.433792E+00,8.779280E+04,8.308452E+04,9.536970E-01,1.176617E+04,7.839324E-01,0.000000E+00,0.000000E+00,7.839324E-01,0.000000E+00,4.621353E+00,6.735667E+04,6.192035E+04,9.958215E-01,1.228588E+04,7.839324E-01,0.000000E+00,0.000000E+00,7.839324E-01,0.000000E+00,4.982859E+00,7.143295E+04,6.612129E+04,1.128859E+00,1.392722E+04,7.839324E-01,0.000000E+00,0.000000E+00
19:10:00,7.839324E-01,0.000000E+00,6.383386E+00,8.690431E+04,8.217265E+04,9.529803E-01,1.175733E+04,7.839324E-01,0.000000E+00,0.000000E+00,7.839324E-01,0.000000E+00,4.565870E+00,6.641094E+04,6.094174E+04,9.950727E-01,1.227664E+04,7.839324E-01,0.000000E+00,0.000000E+00,7.839324E-01,0.000000E+00,4.922316E+00,7.043015E+04,6.508578E+04,1.127918E+00,1.391561E+04,7.839324E-01,0.000000E+00,0.000000E+00
19:20:00,7.839324E-01,0.000000E+00,6.333034E+00,8.601643E+04,8.126235E+04,9.522705E-01,1.174857E+04,7.839324E-01,0.000000E+00,0.000000E+00,7.839324E-01,0.000000E+00,4.511265E+00,6.547510E+04,5.997419E+04,9.943344E-01,1.226753E+04,7.839324E-01,0.000000E+00,0.000000E+00,7.839324E-01,0.000000E+00,4.862336E+00,6.943371E+04,6.405765E+04,1.126995E+00,1.390422E+04,7.839324E-01,0.000000E+00,0.000000E+00
19:30:00,7.839324E-01,0.000000E+00,6.283273E+00,8.513521E+04,8.035942E+04,9.515578E-01,1.173978E+04,7.839324E-01,0.000000E+00,0.000000E+00,7.839324E-01,0.000000E+00,4.457605E+00,6.454992E+04,5.901810E+04,9.935919E-01,1.225837E+04,7.839324E-01,0.000000E+00,0.000000E+00,7.839324E-01,0.000000E+00,4.803023E+00,6.844478E+04,6.303770E+04,1.126071E+00,1.389282E+04,7.839324E-01,0.000000E+00,0.000000E+00
19:40:00,7.839324E-01,0.000000E+00,6.236823E+00,8.429134E+04,7.949490E+04,9.508414E-01,1.173094E+04,7.839324E-01,0.000000E+00,0.000000E+00,7.839324E-01,0.000000E+00,4.407839E+00,6.366864E+04,5.810771E+04,9.928437E-01,1.224914E+04,7.839324E-01,0.000000E+00,0.000000E+00,7.839324E-01,0.000000E+00,4.747416E+00,6.749765E+04,6.206102E+04,1.125146E+00,1.388141E+04,7.839324E-01,0.000000E+00,0.000000E+00
19:50:00,7.839324E-01,0.000000E+00,6.193823E+00,8.348634E+04,7.866860E+04,9.501247E-01,1.172210E+04,7.839324E-01,0.000000E+00,0.000000E+00,7.839324E-01,0.000000E+00,4.361921E+00,6.283076E+04,5.724072E+04,9.920952E-01,1.223990E+04,7.839324E-01,0.000000E+00,0.000000E+00,7.839324E-01,0.000000E+00,4.695511E+00,6.659225E+04,6.112577E+04,1.124225E+00,1.387005E+04,7.839324E-01,0.000000E+00,0.000000E+00
20:00:00,7.839324E-01,0.000000E+00,6.154684E+00,8.272489E+04,7.788566E+04,9.494118E-01,1.171330E+04,7.839324E-01,0.000000E+00,0.000000E+00,7.839324E-01,0.000000E+00,4.320367E+00,6.204207E+04,5.642354E+04,9.913525E-01,1.223074E+04,7.839324E-01,0.000000E+00,0.000000E+00,7.839324E-01,0.000000E+00,4.647888E+00,6.573514E+04,6.023916E+04,1.123313E+00,1.385879E+04,7.839324E-01,0.000000E+00,0.000000E+00
20:10:00,7.839324E-01,0.000000E+00,6.120891E+00,8.208192E+04,7.722447E+04,9.487050E-01,1.170458E+04,7.839324E-01,0.000000E+00,0.000000E+00,7.839324E-01,0.000000E+00,4.284728E+00,6.137828E+04,5.573546E+04,9.906188E-01,1.222169E+04,7.839324E-01,0.000000E+00,0.000000E+00,7.839324E-01,0.000000E+00,4.606192E+00,6.500305E+04,5.948150E+04,1.122411E+00,1.384767E+04,7.839324E-01,0.000000E+00,0.000000E+00
20:20:00,7.839324E-01,0.000000E+00,6.091814E+00,8.149213E+04,7.661897E+04,9.480048E-01,1.169594E+04,7.839324E-01,0.000000E+00,0.000000E+00,7.839324E-01,0.000000E+00,4.254436E+00,6.077479E+04,5.511120E+04,9.898949E-01,1.221276E+04,7.839324E-01,0.000000E+00,0.000000E+00,7.839324E-01,0.000000E+00,4.569940E+00,6.433236E+04,5.878851E+04,1.121520E+00,1.383668E+04,7.839324E-01,0.000000E+00,0.000000E+00
20:30:00,7.839324E-01,0.000000E+00,6.065796E+00,8.093682E+04,7.604949E+04,9.473114E-01,1.168739E+04,7.839324E-01,0.000000E+00,0.000000E+00,7.839324E-01,0.000000E+00,4.227633E+00,6.021063E+04,5.452850E+04,9.891808E-01,1.220395E+04,7.839324E-01,0.000000E+00,0.000000E+00,7.839324E-01,0.000000E+00,4.537304E+00,6.370243E+04,5.813838E+04,1.120641E+00,1.382583E+04,7.839324E-01,0.000000E+00,0.000000E+00
20:40:00,7.839324E-01,0.000000E+00,6.041488E+00,8.040080E+04,7.549993E+04,9.466249E-01,1.167892E+04,7.839324E-01,0.000000E+00,0.000000E+00,7.839324E-01,0.000000E+00,4.202761E+00,5.966825E+04,5.396855E+04,9.884767E-01,1.219526E+04,7.839324E-01,0.000000E+00,0.000000E+00,7.839324E-01,0.000000E+00,4.506796E+00,6.309650E+04,5.751327E+04,1.119775E+00,1.381514E+04,7.839324E-01,0.000000E+00,0.000000E+00
20:50:00,7.839324E-01,0.000000E+00,6.018519E+00,7.987989E+04,7.496597E+04,9.459454E-01,1.167054E+04,7.839324E-01,0.000000E+00,0.000000E+00,7.839324E-01,0.000000E+00,4.179385E+00,5.914275E+04,5.342620E+04,9.877827E-01,1.218670E+04,7.839324E-01,0.000000E+00,0.000000E+00,7.839324E-01,0.000000E+00,4.478002E+00,6.250990E+04,5.690822E+04,1.118920E+00,1.380460E+04,7.839324E-01,0.000000E+00,0.000000E+00
21:00:00,7.839324E-01,0.000000E+00,5.996696E+00,7.937189E+04,7.444534E+04,9.452731E-01,1.166224E+04,7.839324E-01,0.000000E+00,0.000000E+00,7.839324E-01,0.000000E+00,4.157296E+00,5.863175E+04,5.289898E+04,9.870991E-01,1.217827E+04,7.839324E-01,0.000000E+00,0.000000E+00,7.839324E-01,0.000000E+00,4.450710E+00,6.194024E+04,5.632075E+04,1.118079E+00,1.379422E+04,7.839324E-01,0.000000E+00,0.000000E+00
21:10:00,7.839324E-01,0.000000E+00,5.975699E+00,7.887320E+04,7.393431E+04,9.446081E-01,1.165404E+04,7.839324E-01,0.000000E+00,0.000000E+00,7.839324E-01,0.000000E+00,4.136142E+00,5.813129E+04,5.238272E+04,9.864259E-01,1.216996E+04,7.839324E-01,0.000000E+00,0.000000E+00,7.839324E-01,0.000000E+00,4.424556E+00,6.138340E+04,5.574658E+04,1.117250E+00,1.378399E+04,7.839324E-01,0.000000E+00,0.000000E+00
21:20:00,7.839324E-01,0.000000E+00,5.955416E+00,7.838257E+04,7.343157E+04,9.439504E-01,1.164592E+04,7.839324E-01,0.000000E+00,0.000000E+00,7.839324E-01,0.000000E+00,4.115795E+00,5.763994E+04,5.187591E+04,9.857631E-01,1.216178E+04,7.839324E-01,0.000000E+00,0.000000E+00,7.839324E-01,0.000000E+00,4.399397E+00,6.083779E+04,5.518406E+04,1.116433E+00,1.377392E+04,7.839324E-01,0.000000E+00,0.000000E+00
21:30:00,7.839324E-01,0.000000E+00,5.935756E+00,7.789896E+04,7.293606E+04,9.433000E-01,1.163790E+04,7.839324E-01,0.000000E+00,0.000000E+00,7.839324E-01,0.000000E+00,4.096152E+00,5.715653E+04,5.137735E+04,9.851105E-01,1.215373E+04,7.839324E-01,0.000000E+00,0.000000E+00,7.839324E-01,0.000000E+00,4.375115E+00,6.030206E+04,5.463178E+04,1.115630E+00,1.376401E+04,7.839324E-01,0.000000E+00,0.000000E+00
21:40:00,7.839324E-01,0.000000E+00,5.916630E+00,7.742138E+04,7.244675E+04,9.426568E-01,1.162996E+04,7.839324E-01,0.000000E+00,0.000000E+00,7.839324E-01,0.000000E+00,4.077105E+00,5.667984E+04,5.088574E+04,9.844681E-01,1.214581E+04,7.839324E-01,0.000000E+00,0.000000E+00,7.839324E-01,0.000000E+00,4.351551E+00,5.977444E+04,5.408785E+04,1.114839E+00,1.375425E+04,7.839324E-01,0.000000E+00,0.000000E+00
21:50:00,7.839324E-01,0.000000E+00,5.897980E+00,7.694917E+04,7.196294E+04,9.420207E-01,1.162212E+04,7.839324E-01,0.000000E+00,0.000000E+00,7.839324E-01,0.000000E+00,4.058590E+00,5.620913E+04,5.040032E+04,9.838357E-01,1.213800E+04,7.839324E-01,0.000000E+00,0.000000E+00,7.839324E-01,0.000000E+00,4.328631E+00,5.925408E+04,5.355141E+04,1.114061E+00,1.374465E+04,7.839324E-01,0.000000E+00,0.000000E+00
22:00:00,7.839324E-01,0.000000E+00,5.879756E+00,7.648175E+04,7.148407E+04,9.413918E-01,1.161436E+04,7.839324E-01,0.000000E+00,0.000000E+00,7.839324E-01,0.000000E+00,4.040550E+00,5.574381E+04,4.992048E+04,9.832133E-01,1.213033E+04,7.839324E-01,0.000000E+00,0.000000E+00,7.839324E-01,0.000000E+00,4.306296E+00,5.874030E+04,5.302177E+04,1.113295E+00,1.373521E+04,7.839324E-01,0.000000E+00,0.000000E+00
22:10:00,7.839324E-01,0.000000E+00,5.033893E+00,6.783150E+04,6.197173E+04,8.616090E-01,1.063004E+04,7.839324E-01,0.000000E+00,0.000000E+00,7.839324E-01,0.000000E+00,3.360739E+00,4.832646E+04,4.159122E+04,8.964627E-01,1.106005E+04,7.839324E-01,0.000000E+00,0.000000E+00,7.839324E-01,0.000000E+00,3.583076E+00,5.091306E+04,4.425739E+04,1.004805E+00,1.239671E+04,7.839324E-01,0.000000E+00,0.000000E+00
22:20:00,7.839324E-01,0.000000E+00,4.272449E+00,6.002905E+04,5.336878E+04,7.865111E-01,9.703526E+03,7.839324E-01,0.000000E+00,0.000000E+00,7.839324E-01,0.000000E+00,2.703705E+00,4.103501E+04,3.345251E+04,8.098184E-01,9.991078E+03,7.839324E-01,0.000000E+00,0.000000E+00,7.839324E-01,0.000000E+00,2.896785E+00,4.336911E+04,3.586856E+04,8.964446E-01,1.105982E+04,7.839324E-01,0.000000E+00,0.000000E+00
22:30:00,7.839324E-01,0.000000E+00,3.587782E+00,5.264037E+04,4.527943E+04,7.839324E-01,9.671712E+03,7.839324E-01,0.000000E+00,0.000000E+00,7.839324E-01,0.000000E+00,2.128147E+00,3.435872E+04,2.606310E+04,7.839324E-01,9.671712E+03,7.839324E-01,0.000000E+00,0.000000E+00,7.839324E-01,0.000000E+00,2.301657E+00,3.652514E+04,2.832793E+04,7.892367E-01,9.737153E+03,7.839324E-01,0.000000E+00,0.000000E+00
22:40:00,7.839324E-01,0.000000E+00,2.933821E+00,4.505563E+04,3.700881E+04,7.839324E-01,9.671712E+03,7.839324E-01,0.000000E+00,0.000000E+00,7.839324E-01,0.000000E+00,1.613383E+00,2.799501E+04,1.906934E+04,7.839324E-01,9.671712E+03,7.839324E-01,0.000000E+00,0.000000E+00,7.839324E-01,0.000000E+00,1.767560E+00,2.997140E+04,2.115757E+04,7.839324E-01,9.671712E+03,7.839324E-01,0.000000E+00,0.000000E+00
22:50:00,7.839324E-01,0.000000E+00,2.291661E+00,3.703398E+04,2.845757E+04,7.839324E-01,9.671712E+03,7.839324E-01,0.000000E+00,0.000000E+00,7.839324E-01,0.000000E+00,1.100911E+00,2.013657E+04,1.232947E+04,7.839324E-01,9.671712E+03,7.839324E-01,0.000000E+00,0.000000E+00,7.839324E-01,0.000000E+00,1.234438E+00,2.257888E+04,1.382488E+04,7.839324E-01,9.671712E+03,7.839324E-01,0.000000E+00,0.000000E+00
23:00:00,7.839324E-01,0.000000E+00,1.714208E+00,2.931663E+04,2.029194E+04,7.839324E-01,9.671712E+03,7.839324E-01,0.000000E+00,0.000000E+00,7.839324E-01,0.000000E+00,7.890841E-01,1.430997E+04,8.712436E+03,7.839324E-01,9.671712E+03,7.839324E-01,0.000000E+00,0.000000E+00,7.839324E-01,0.000000E+00,8.100973E-01,1.469104E+04,8.944447E+03,7.839324E-01,9.671712E+03,7.839324E-01,0.000000E+00,0.000000E+00
23:10:00,7.839324E-01,0.000000E+00,1.873777E+00,3.139989E+04,2.241311E+04,7.839324E-01,9.671712E+03,7.839324E-01,0.000000E+00,0.000000E+00,7.839324E-01,0.000000E+00,8.340666E-01,1.499567E+04,9.077201E+03,7.839324E-01,9.671712E+03,7.839324E-01,0.000000E+00,0.000000E+00,7.839324E-01,0.000000E+00,9.053495E-01,1.627727E+04,9.852978E+03,7.839324E-01,9.671712E+03,7.839324E-01,0.000000E+00,0.000000E+00
23:20:00,7.839324E-01,0.000000E+00,1.995479E+00,3.291922E+04,2.393791E+04,7.839324E-01,9.671712E+03,7.839324E-01,0.000000E+00,0.000000E+00,7.839324E-01,0.000000E+00,9.186830E-01,1.637375E+04,9.852811E+03,7.839324E-01,9.671712E+03,7.839324E-01,0.000000E+00,0.000000E+00,7.839324E-01,0.000000E+00,1.068883E+00,1.905077E+04,1.146369E+04,7.839324E-01,9.671712E+03,7.839324E-01,0.000000E+00,0.000000E+00
23:30:00,7.839324E-01,0.000000E+00,2.054473E+00,3.354610E+04,2.454347E+04,7.839324E-01,9.671712E+03,7.839324E-01,0.000000E+00,0.000000E+00,7.839324E-01,0.000000E+00,9.981394E-01,1.763427E+04,1.054713E+04,7.839324E-01,9.671712E+03,7.839324E-01,0.000000E+00,0.000000E+00,7.839324E-01,0.000000E+00,1.148978E+00,2.029915E+04,1.214101E+04,7.839324E-01,9.671712E+03,7.839324E-01,0.000000E+00,0.000000E+00
23:40:00,7.839324E-01,0.000000E+00,2.088934E+00,3.382449E+04,2.479777E+04,7.839324E-01,9.671712E+03,7.839324E-01,0.000000E+00,0.000000E+00,7.839324E-01,0.000000E+00,1.023130E+00,1.791626E+04,1.064941E+04,7.839324E-01,9.671712E+03,7.839324E-01,0.000000E+00,0.000000E+00,7.839324E-01,0.000000E+00,1.175000E+00,2.057569E+04,1.223018E+04,7.839324E-01,9.671712E+03,7.839324E-01,0.000000E+00,0.000000E+00
23:50:00,7.839324E-01,0.000000E+00,2.117258E+00,3.401705E+04,2.496893E+04,7.839324E-01,9.671712E+03,7.839324E-01,0.000000E+00,0.000000E+00,7.839324E-01,0.000000E+00,1.051592E+00,1.825070E+04,1.077938E+04,7.839324E-01,9.671712E+03,7.839324E-01,0.000000E+00,0.000000E+00,7.839324E-01,0.000000E+00,1.206374E+00,2.093698E+04,1.236596E+04,7.839324E-01,9.671712E+03,7.839324E-01,0.000000E+00,0.000000E+00
24:00:00,7.839324E-01,0.000000E+00,2.139641E+00,3.412651E+04,2.505948E+04,7.839324E-01,9.671712E+03,7.839324E-01,0.000000E+00,0.000000E+00,7.839324E-01,0.000000E+00,1.077916E+00,1.853950E+04,1.087876E+04,7.839324E-01,9.671712E+03,7.839324E-01,0.000000E+00,0.000000E+00,7.839324E-01,0.000000E+00,1.231339E+00,2.117828E+04,1.242716E+04,7.839324E-01,9.671712E+03,7.839324E-01,0.000000E+00,0.000000E+00
Coinc Peak   ,1.078542E+00,6.831836E+00,1.330644E+04,9.904437E+04,1.165923E+00,5.077111E+00,1.438449E+04,7.908918E+04,1.453663E+00,5.460292E+00,1.606359E+04,8.323403E+04
NonCoinc Peak,1.078542E+00,7.419338E+00,1.330644E+04,9.904437E+04,1.165923E+00,5.744906E+00,1.438449E+04,7.908918E+04,1.453663E+00,5.953417E+00,1.606359E+04,8.323403E+04
